{
  "C": 0.01,
  "n_features": 17,
  "selected_features": [
    "DIST2LAND",
    "USA_SSHS",
    "USA_POCI",
    "TOKYO_GRADE",
    "STORM_SPEED",
    "BASIN_EP",
    "BASIN_NI",
    "BASIN_SI",
    "SUBBASIN_CS",
    "SUBBASIN_EA",
    "SUBBASIN_GM",
    "SUBBASIN_WA",
    "NATURE_ET",
    "NATURE_MX",
    "NATURE_NR",
    "NATURE_SS",
    "USA_STATUS_TY"
  ],
  "coefficients": {
    "DIST2LAND": -9.072777153444227,
    "USA_SSHS": -0.18231149339856806,
    "USA_POCI": -0.0801831070610646,
    "TOKYO_GRADE": -0.10412554239539065,
    "STORM_SPEED": 0.09306101911485143,
    "BASIN_EP": -0.04290566249278457,
    "BASIN_NI": 0.03986873208290479,
    "BASIN_SI": 0.005918955104826322,
    "SUBBASIN_CS": -0.03473885145127618,
    "SUBBASIN_EA": 0.04663280636699262,
    "SUBBASIN_GM": -0.057281572957378915,
    "SUBBASIN_WA": 0.11928547243692078,
    "NATURE_ET": -0.010683261067974336,
    "NATURE_MX": 0.029964774132175787,
    "NATURE_NR": 0.044660346987692424,
    "NATURE_SS": -0.013032010645087229,
    "USA_STATUS_TY": -0.01638462676040683
  }
}