{
  "C": 1.0,
  "n_features": 53,
  "selected_features": [
    "SEASON",
    "NUMBER",
    "LAT",
    "LON",
    "DIST2LAND",
    "USA_LAT",
    "USA_LON",
    "USA_WIND",
    "USA_PRES",
    "USA_SSHS",
    "USA_R34_NE",
    "USA_R34_SE",
    "USA_R34_SW",
    "USA_R34_NW",
    "USA_POCI",
    "USA_ROCI",
    "USA_RMW",
    "TOKYO_GRADE",
    "STORM_SPEED",
    "STORM_DIR",
    "BASIN_EP",
    "BASIN_NI",
    "BASIN_SI",
    "BASIN_SP",
    "BASIN_WP",
    "BASIN_nan",
    "SUBBASIN_BB",
    "SUBBASIN_CS",
    "SUBBASIN_EA",
    "SUBBASIN_GM",
    "SUBBASIN_WA",
    "SUBBASIN_nan",
    "NATURE_DS",
    "NATURE_ET",
    "NATURE_MX",
    "NATURE_NR",
    "NATURE_SS",
    "TRACK_TYPE_main",
    "TRACK_TYPE_nan",
    "USA_AGENCY_atcf",
    "USA_AGENCY_hurdat_epa",
    "USA_AGENCY_jtwc_io",
    "USA_AGENCY_jtwc_sh",
    "USA_AGENCY_nan",
    "USA_STATUS_DB",
    "USA_STATUS_EX",
    "USA_STATUS_HU",
    "USA_STATUS_LO",
    "USA_STATUS_SS",
    "USA_STATUS_ST",
    "USA_STATUS_TD",
    "USA_STATUS_TY",
    "USA_STATUS_nan"
  ],
  "coefficients": {
    "SEASON": 0.030798490807407444,
    "NUMBER": 0.047672901533814364,
    "LAT": 0.3240323020283933,
    "LON": -0.39385466164786115,
    "DIST2LAND": -22.83818439987324,
    "USA_LAT": -0.4014388794577378,
    "USA_LON": -0.5340880898537865,
    "USA_WIND": -0.005563247849967926,
    "USA_PRES": -0.09335724574156114,
    "USA_SSHS": -0.46854882491995753,
    "USA_R34_NE": 0.003993663018842379,
    "USA_R34_SE": 0.040784854228262335,
    "USA_R34_SW": -0.15368505180355652,
    "USA_R34_NW": -0.07347697022410103,
    "USA_POCI": -0.25764241023691026,
    "USA_ROCI": 0.1312492967644164,
    "USA_RMW": -0.06327808508043598,
    "TOKYO_GRADE": -0.09296525195443345,
    "STORM_SPEED": 0.37485391313323724,
    "STORM_DIR": 0.015305955033717553,
    "BASIN_EP": -0.6262009155184036,
    "BASIN_NI": 0.049315453559445575,
    "BASIN_SI": 0.1166215003327249,
    "BASIN_SP": -0.09654660581465759,
    "BASIN_WP": 0.2212519912151342,
    "BASIN_nan": -0.1225856683576347,
    "SUBBASIN_BB": 0.038893793913110195,
    "SUBBASIN_CS": -0.24536962790352937,
    "SUBBASIN_EA": 0.2708174371013503,
    "SUBBASIN_GM": -0.25226354569255055,
    "SUBBASIN_WA": 0.3252171422159133,
    "SUBBASIN_nan": -0.10091395825449183,
    "NATURE_DS": -0.11227528791032014,
    "NATURE_ET": -0.35575356422465243,
    "NATURE_MX": 0.057427098484831296,
    "NATURE_NR": 0.25207234431342884,
    "NATURE_SS": -0.44180785750671675,
    "TRACK_TYPE_main": 0.05617264592146095,
    "TRACK_TYPE_nan": -0.05617264592150616,
    "USA_AGENCY_atcf": -0.0027917842782790216,
    "USA_AGENCY_hurdat_epa": -0.11894760572169817,
    "USA_AGENCY_jtwc_io": -0.05690615788509585,
    "USA_AGENCY_jtwc_sh": 0.0005626697279329854,
    "USA_AGENCY_nan": 0.02025639770029932,
    "USA_STATUS_DB": -0.01586761431167513,
    "USA_STATUS_EX": 0.04730387191247096,
    "USA_STATUS_HU": 0.13975733941589918,
    "USA_STATUS_LO": -0.23380360523169677,
    "USA_STATUS_SS": 0.23502825380062956,
    "USA_STATUS_ST": 0.015454823640383022,
    "USA_STATUS_TD": 0.04769132004213588,
    "USA_STATUS_TY": -0.06799017743140888,
    "USA_STATUS_nan": -0.2717226296751271
  }
}