{
  "C": 10.0,
  "n_features": 63,
  "selected_features": [
    "SEASON",
    "NUMBER",
    "LAT",
    "LON",
    "DIST2LAND",
    "USA_LAT",
    "USA_LON",
    "USA_WIND",
    "USA_PRES",
    "USA_SSHS",
    "USA_R34_NE",
    "USA_R34_SE",
    "USA_R34_SW",
    "USA_R34_NW",
    "USA_POCI",
    "USA_ROCI",
    "USA_RMW",
    "TOKYO_GRADE",
    "STORM_SPEED",
    "STORM_DIR",
    "BASIN_EP",
    "BASIN_NI",
    "BASIN_SI",
    "BASIN_SP",
    "BASIN_WP",
    "BASIN_nan",
    "SUBBASIN_AS",
    "SUBBASIN_BB",
    "SUBBASIN_CP",
    "SUBBASIN_CS",
    "SUBBASIN_EA",
    "SUBBASIN_GM",
    "SUBBASIN_WA",
    "SUBBASIN_nan",
    "NATURE_DS",
    "NATURE_ET",
    "NATURE_MX",
    "NATURE_NR",
    "NATURE_SS",
    "NATURE_TS",
    "TRACK_TYPE_main",
    "TRACK_TYPE_nan",
    "USA_AGENCY_atcf",
    "USA_AGENCY_hurdat_atl",
    "USA_AGENCY_hurdat_epa",
    "USA_AGENCY_jtwc_io",
    "USA_AGENCY_jtwc_sh",
    "USA_AGENCY_jtwc_wp",
    "USA_AGENCY_nan",
    "USA_STATUS_DB",
    "USA_STATUS_EX",
    "USA_STATUS_HU",
    "USA_STATUS_LO",
    "USA_STATUS_MD",
    "USA_STATUS_SD",
    "USA_STATUS_SS",
    "USA_STATUS_ST",
    "USA_STATUS_TC",
    "USA_STATUS_TD",
    "USA_STATUS_TS",
    "USA_STATUS_TY",
    "USA_STATUS_WV",
    "USA_STATUS_nan"
  ],
  "coefficients": {
    "SEASON": 0.026878489803918115,
    "NUMBER": 0.05458824730007875,
    "LAT": 0.3820174154082952,
    "LON": -0.6176680949138167,
    "DIST2LAND": -23.137450807197773,
    "USA_LAT": -0.4385442641050241,
    "USA_LON": -0.6072766388092329,
    "USA_WIND": -0.07076071738314992,
    "USA_PRES": -0.16974438281676257,
    "USA_SSHS": -0.4935130376415208,
    "USA_R34_NE": 0.007333384949891063,
    "USA_R34_SE": 0.05161126393908311,
    "USA_R34_SW": -0.17270331674497905,
    "USA_R34_NW": -0.07778948472261994,
    "USA_POCI": -0.25058139830872117,
    "USA_ROCI": 0.13119029755571296,
    "USA_RMW": -0.06773862517021459,
    "TOKYO_GRADE": -0.0915659488348194,
    "STORM_SPEED": 0.3850784444140327,
    "STORM_DIR": 0.014521487717989693,
    "BASIN_EP": -0.7228208594481458,
    "BASIN_NI": 0.0644444995997347,
    "BASIN_SI": 0.21663062373654596,
    "BASIN_SP": 0.050156828840622114,
    "BASIN_WP": 0.39010840973292743,
    "BASIN_nan": -0.20329869423750638,
    "SUBBASIN_AS": -6.862012115246321e-05,
    "SUBBASIN_BB": 0.04835921938176338,
    "SUBBASIN_CP": 0.0070001066298540585,
    "SUBBASIN_CS": -0.2688096592428112,
    "SUBBASIN_EA": 0.2329913716656767,
    "SUBBASIN_GM": -0.2795594711527436,
    "SUBBASIN_WA": 0.34051540696802207,
    "SUBBASIN_nan": -0.18414847283289473,
    "NATURE_DS": -0.05350938963642629,
    "NATURE_ET": -0.33040931604442053,
    "NATURE_MX": 0.09556534570425071,
    "NATURE_NR": 0.31098990882720157,
    "NATURE_SS": -0.5192692046005193,
    "NATURE_TS": 0.08819697745407397,
    "TRACK_TYPE_main": 0.05433952936845416,
    "TRACK_TYPE_nan": -0.0543395293683813,
    "USA_AGENCY_atcf": -0.002569769401095316,
    "USA_AGENCY_hurdat_atl": -0.001149298440679207,
    "USA_AGENCY_hurdat_epa": -0.12344830144246391,
    "USA_AGENCY_jtwc_io": -0.05801438549633955,
    "USA_AGENCY_jtwc_sh": -0.002542719159445618,
    "USA_AGENCY_jtwc_wp": 0.0039797093763023865,
    "USA_AGENCY_nan": 0.023361742340450523,
    "USA_STATUS_DB": -0.010935591232752945,
    "USA_STATUS_EX": 0.06897686226955065,
    "USA_STATUS_HU": 0.164980209010116,
    "USA_STATUS_LO": -0.234931394971428,
    "USA_STATUS_MD": 0.31168965754752975,
    "USA_STATUS_SD": 0.011066398991109526,
    "USA_STATUS_SS": 0.33091440857501303,
    "USA_STATUS_ST": 0.024329540246700587,
    "USA_STATUS_TC": 0.10226601396383636,
    "USA_STATUS_TD": 0.06361731459549323,
    "USA_STATUS_TS": 0.027676335577810705,
    "USA_STATUS_TY": -0.049181663301715514,
    "USA_STATUS_WV": 0.07318113890232332,
    "USA_STATUS_nan": -0.27489408887262334
  }
}