{
  "C": 0.1,
  "n_features": 41,
  "selected_features": [
    "SEASON",
    "NUMBER",
    "LAT",
    "DIST2LAND",
    "USA_LAT",
    "USA_LON",
    "USA_SSHS",
    "USA_R34_SW",
    "USA_R34_NW",
    "USA_POCI",
    "USA_ROCI",
    "USA_RMW",
    "TOKYO_GRADE",
    "STORM_SPEED",
    "STORM_DIR",
    "BASIN_EP",
    "BASIN_NI",
    "BASIN_SP",
    "BASIN_nan",
    "SUBBASIN_BB",
    "SUBBASIN_CS",
    "SUBBASIN_EA",
    "SUBBASIN_GM",
    "SUBBASIN_WA",
    "NATURE_DS",
    "NATURE_ET",
    "NATURE_MX",
    "NATURE_NR",
    "NATURE_SS",
    "TRACK_TYPE_main",
    "TRACK_TYPE_nan",
    "USA_AGENCY_hurdat_epa",
    "USA_AGENCY_jtwc_io",
    "USA_AGENCY_jtwc_sh",
    "USA_AGENCY_jtwc_wp",
    "USA_STATUS_HU",
    "USA_STATUS_LO",
    "USA_STATUS_SS",
    "USA_STATUS_TD",
    "USA_STATUS_TY",
    "USA_STATUS_nan"
  ],
  "coefficients": {
    "SEASON": 0.0297152614578158,
    "NUMBER": 0.013211560349880493,
    "LAT": 0.02110087031847754,
    "DIST2LAND": -20.223770809682424,
    "USA_LAT": -0.13696601679283657,
    "USA_LON": -0.3165006381529509,
    "USA_SSHS": -0.218261818880006,
    "USA_R34_SW": -0.07007264150182904,
    "USA_R34_NW": -0.05054886791257315,
    "USA_POCI": -0.2250769194144932,
    "USA_ROCI": 0.08117878029144923,
    "USA_RMW": -0.00015391698403617287,
    "TOKYO_GRADE": -0.10928482793711572,
    "STORM_SPEED": 0.3188776381094317,
    "STORM_DIR": 0.013130103988118185,
    "BASIN_EP": -0.35626628262366095,
    "BASIN_NI": 0.052735677745884606,
    "BASIN_SP": -0.28613570799918575,
    "BASIN_nan": 0.04598841805625783,
    "SUBBASIN_BB": 0.017049220759824263,
    "SUBBASIN_CS": -0.18228520516934985,
    "SUBBASIN_EA": 0.277022694927301,
    "SUBBASIN_GM": -0.18731448614096557,
    "SUBBASIN_WA": 0.21460577330188194,
    "NATURE_DS": -0.05965475782693089,
    "NATURE_ET": -0.2018914930758205,
    "NATURE_MX": 0.08519907517097554,
    "NATURE_NR": 0.16591566930286888,
    "NATURE_SS": -0.22150688439804225,
    "TRACK_TYPE_main": 0.07115205401844381,
    "TRACK_TYPE_nan": -0.07115205401838258,
    "USA_AGENCY_hurdat_epa": -0.07745755253699801,
    "USA_AGENCY_jtwc_io": -0.05403326722422817,
    "USA_AGENCY_jtwc_sh": 0.011231190221537703,
    "USA_AGENCY_jtwc_wp": -0.013602304738833858,
    "USA_STATUS_HU": 0.09996283819212312,
    "USA_STATUS_LO": -0.13135838553591744,
    "USA_STATUS_SS": 0.047235112959123075,
    "USA_STATUS_TD": 0.03205112861207353,
    "USA_STATUS_TY": -0.06647342925319238,
    "USA_STATUS_nan": -0.06621921425359382
  }
}