{
  "top_k": 50,
  "n_features": 50,
  "selected_features": [
    "SUBBASIN_BB",
    "DIST2LAND",
    "BASIN_NI",
    "SUBBASIN_EA",
    "BASIN_WP",
    "USA_AGENCY_atcf",
    "LON",
    "USA_STATUS_WV",
    "USA_STATUS_MD",
    "USA_STATUS_SD",
    "NATURE_NR",
    "USA_STATUS_ST",
    "SUBBASIN_CS",
    "USA_STATUS_SS",
    "USA_STATUS_TC",
    "USA_STATUS_DB",
    "NATURE_SS",
    "SUBBASIN_GM",
    "LAT",
    "USA_AGENCY_jtwc_io",
    "SUBBASIN_AS",
    "SUBBASIN_CP",
    "USA_R34_NW",
    "BASIN_SI",
    "USA_POCI",
    "USA_STATUS_EX",
    "USA_AGENCY_hurdat_atl",
    "USA_LON",
    "NATURE_ET",
    "STORM_SPEED",
    "NATURE_MX",
    "USA_LAT",
    "NATURE_DS",
    "USA_PRES",
    "TOKYO_GRADE",
    "USA_STATUS_HU",
    "USA_STATUS_LO",
    "USA_STATUS_TY",
    "USA_AGENCY_hurdat_epa",
    "USA_AGENCY_jtwc_sh",
    "USA_R34_SE",
    "BASIN_SP",
    "USA_STATUS_TD",
    "SUBBASIN_WA",
    "USA_RMW",
    "BASIN_EP",
    "USA_STATUS_TS",
    "USA_AGENCY_jtwc_wp",
    "TRACK_TYPE_nan",
    "USA_R34_SW"
  ],
  "lime_importance": {
    "SUBBASIN_BB": 0.03769231733658012,
    "DIST2LAND": 0.025476413399513325,
    "BASIN_NI": 0.02262314255524929,
    "SUBBASIN_EA": 0.021723577891784383,
    "BASIN_WP": 0.021188417475348737,
    "USA_AGENCY_atcf": 0.01964488783507094,
    "LON": 0.01883905474976936,
    "USA_STATUS_WV": 0.01798834299430381,
    "USA_STATUS_MD": 0.01636538291172404,
    "USA_STATUS_SD": 0.012429889742845788,
    "NATURE_NR": 0.011389698928204588,
    "USA_STATUS_ST": 0.010903138090460302,
    "SUBBASIN_CS": 0.010182917923453985,
    "USA_STATUS_SS": 0.009091048317992522,
    "USA_STATUS_TC": 0.008654142643509407,
    "USA_STATUS_DB": 0.008593582215404764,
    "NATURE_SS": 0.00806527804666142,
    "SUBBASIN_GM": 0.007894123483803002,
    "LAT": 0.00788486752414431,
    "USA_AGENCY_jtwc_io": 0.006785030786996024,
    "SUBBASIN_AS": 0.006772038824327472,
    "SUBBASIN_CP": 0.00666808729965167,
    "USA_R34_NW": 0.005995954483408538,
    "BASIN_SI": 0.005772590101439931,
    "USA_POCI": 0.005724814457990587,
    "USA_STATUS_EX": 0.005653047825416209,
    "USA_AGENCY_hurdat_atl": 0.005636287471935517,
    "USA_LON": 0.005128932855112249,
    "NATURE_ET": 0.004874865155620045,
    "STORM_SPEED": 0.004581529282808968,
    "NATURE_MX": 0.004527408401105651,
    "USA_LAT": 0.004429330654678023,
    "NATURE_DS": 0.004407323458887994,
    "USA_PRES": 0.004320432000670241,
    "TOKYO_GRADE": 0.004012180705286887,
    "USA_STATUS_HU": 0.003957702170544828,
    "USA_STATUS_LO": 0.0038873602972818314,
    "USA_STATUS_TY": 0.003829658275657468,
    "USA_AGENCY_hurdat_epa": 0.00366478784885966,
    "USA_AGENCY_jtwc_sh": 0.0036276342095399386,
    "USA_R34_SE": 0.0035012236547057947,
    "BASIN_SP": 0.0033982759267562395,
    "USA_STATUS_TD": 0.0033168526784372954,
    "SUBBASIN_WA": 0.0031960509735397156,
    "USA_RMW": 0.0031250859584613187,
    "BASIN_EP": 0.003070516554264552,
    "USA_STATUS_TS": 0.003051273021219682,
    "USA_AGENCY_jtwc_wp": 0.0030164425978108826,
    "TRACK_TYPE_nan": 0.0029373487870233235,
    "USA_R34_SW": 0.0027752921896870043
  }
}