{
  "top_k": 20,
  "n_features": 20,
  "selected_features": [
    "SUBBASIN_BB",
    "DIST2LAND",
    "BASIN_NI",
    "SUBBASIN_EA",
    "BASIN_WP",
    "USA_AGENCY_atcf",
    "LON",
    "USA_STATUS_WV",
    "USA_STATUS_MD",
    "USA_STATUS_SD",
    "NATURE_NR",
    "USA_STATUS_ST",
    "SUBBASIN_CS",
    "USA_STATUS_SS",
    "USA_STATUS_TC",
    "USA_STATUS_DB",
    "NATURE_SS",
    "SUBBASIN_GM",
    "LAT",
    "SUBBASIN_AS"
  ],
  "lime_importance": {
    "SUBBASIN_BB": 0.03768771573742739,
    "DIST2LAND": 0.027777016370566135,
    "BASIN_NI": 0.022500343216480246,
    "SUBBASIN_EA": 0.02176148824782936,
    "BASIN_WP": 0.020963745292798493,
    "USA_AGENCY_atcf": 0.0195882412899987,
    "LON": 0.018235599676650283,
    "USA_STATUS_WV": 0.0178032444020864,
    "USA_STATUS_MD": 0.016076846833288954,
    "USA_STATUS_SD": 0.012532163756714636,
    "NATURE_NR": 0.011417123133363743,
    "USA_STATUS_ST": 0.011067804171254733,
    "SUBBASIN_CS": 0.010216450458071806,
    "USA_STATUS_SS": 0.008827752828540966,
    "USA_STATUS_TC": 0.008572732682185984,
    "USA_STATUS_DB": 0.00854394017115985,
    "NATURE_SS": 0.008010243173317005,
    "SUBBASIN_GM": 0.007826437631506287,
    "LAT": 0.007816713848392623,
    "SUBBASIN_AS": 0.006880207680130454
  }
}