{
  "top_k": 10,
  "n_features": 10,
  "selected_features": [
    "SUBBASIN_BB",
    "DIST2LAND",
    "BASIN_NI",
    "SUBBASIN_EA",
    "BASIN_WP",
    "USA_AGENCY_atcf",
    "LON",
    "USA_STATUS_WV",
    "USA_STATUS_MD",
    "USA_STATUS_SD"
  ],
  "lime_importance": {
    "SUBBASIN_BB": 0.03775713955112271,
    "DIST2LAND": 0.028305778727974535,
    "BASIN_NI": 0.022658425751259738,
    "SUBBASIN_EA": 0.021557187074381562,
    "BASIN_WP": 0.020014011011046648,
    "USA_AGENCY_atcf": 0.019568112691195814,
    "LON": 0.017773807886986546,
    "USA_STATUS_WV": 0.017662599173394015,
    "USA_STATUS_MD": 0.016261747369942663,
    "USA_STATUS_SD": 0.012387917959322436
  }
}