{
  "top_k": 40,
  "n_features": 40,
  "selected_features": [
    "SUBBASIN_BB",
    "DIST2LAND",
    "BASIN_NI",
    "SUBBASIN_EA",
    "USA_AGENCY_atcf",
    "BASIN_WP",
    "LON",
    "USA_STATUS_WV",
    "USA_STATUS_MD",
    "USA_STATUS_SD",
    "NATURE_NR",
    "USA_STATUS_ST",
    "SUBBASIN_CS",
    "USA_STATUS_SS",
    "USA_STATUS_DB",
    "USA_STATUS_TC",
    "NATURE_SS",
    "SUBBASIN_GM",
    "LAT",
    "SUBBASIN_AS",
    "USA_AGENCY_jtwc_io",
    "SUBBASIN_CP",
    "USA_POCI",
    "USA_R34_NW",
    "BASIN_SI",
    "USA_AGENCY_hurdat_atl",
    "USA_STATUS_EX",
    "USA_LON",
    "NATURE_ET",
    "NATURE_MX",
    "USA_PRES",
    "NATURE_DS",
    "STORM_SPEED",
    "TOKYO_GRADE",
    "USA_STATUS_LO",
    "USA_STATUS_HU",
    "USA_LAT",
    "USA_STATUS_TY",
    "USA_AGENCY_hurdat_epa",
    "USA_AGENCY_jtwc_sh"
  ],
  "lime_importance": {
    "SUBBASIN_BB": 0.037820098647471004,
    "DIST2LAND": 0.027257737248274305,
    "BASIN_NI": 0.022648000650601557,
    "SUBBASIN_EA": 0.021715079369015528,
    "USA_AGENCY_atcf": 0.020204495718137566,
    "BASIN_WP": 0.019347685904663164,
    "LON": 0.01897788229445426,
    "USA_STATUS_WV": 0.01827631412574247,
    "USA_STATUS_MD": 0.01633523211544074,
    "USA_STATUS_SD": 0.01200536999309924,
    "NATURE_NR": 0.011514996430310016,
    "USA_STATUS_ST": 0.01075293216334604,
    "SUBBASIN_CS": 0.010064546575151542,
    "USA_STATUS_SS": 0.00877861266338756,
    "USA_STATUS_DB": 0.008654178182893168,
    "USA_STATUS_TC": 0.008593779562916215,
    "NATURE_SS": 0.008084136418433892,
    "SUBBASIN_GM": 0.00781443221716001,
    "LAT": 0.0069424758112543805,
    "SUBBASIN_AS": 0.006866825085213306,
    "USA_AGENCY_jtwc_io": 0.006743636595737142,
    "SUBBASIN_CP": 0.006688940939775359,
    "USA_POCI": 0.006358983261246717,
    "USA_R34_NW": 0.006004980691050125,
    "BASIN_SI": 0.005774207181303304,
    "USA_AGENCY_hurdat_atl": 0.005681806390686842,
    "USA_STATUS_EX": 0.005615292639600463,
    "USA_LON": 0.005597137418666808,
    "NATURE_ET": 0.004968150329394166,
    "NATURE_MX": 0.004528925010639941,
    "USA_PRES": 0.004509717318090746,
    "NATURE_DS": 0.004424591966507116,
    "STORM_SPEED": 0.004280779037026461,
    "TOKYO_GRADE": 0.004040829987571442,
    "USA_STATUS_LO": 0.003948321641453973,
    "USA_STATUS_HU": 0.00392512822837806,
    "USA_LAT": 0.0039002214000943146,
    "USA_STATUS_TY": 0.003799584099184614,
    "USA_AGENCY_hurdat_epa": 0.0036710242395171155,
    "USA_AGENCY_jtwc_sh": 0.0034916619991825905
  }
}