{
  "top_k": 30,
  "n_features": 30,
  "selected_features": [
    "SUBBASIN_BB",
    "DIST2LAND",
    "BASIN_NI",
    "SUBBASIN_EA",
    "BASIN_WP",
    "USA_AGENCY_atcf",
    "USA_STATUS_WV",
    "LON",
    "USA_STATUS_MD",
    "USA_STATUS_SD",
    "NATURE_NR",
    "USA_STATUS_ST",
    "SUBBASIN_CS",
    "USA_STATUS_SS",
    "USA_STATUS_TC",
    "USA_STATUS_DB",
    "NATURE_SS",
    "LAT",
    "SUBBASIN_GM",
    "SUBBASIN_AS",
    "USA_AGENCY_jtwc_io",
    "SUBBASIN_CP",
    "USA_POCI",
    "USA_R34_NW",
    "BASIN_SI",
    "USA_AGENCY_hurdat_atl",
    "USA_STATUS_EX",
    "USA_LON",
    "NATURE_ET",
    "NATURE_MX"
  ],
  "lime_importance": {
    "SUBBASIN_BB": 0.0377384324749248,
    "DIST2LAND": 0.02782259935163526,
    "BASIN_NI": 0.02251644999748191,
    "SUBBASIN_EA": 0.02174134949797498,
    "BASIN_WP": 0.019616151713531024,
    "USA_AGENCY_atcf": 0.019324132371947494,
    "USA_STATUS_WV": 0.018056233750970933,
    "LON": 0.016983388691944136,
    "USA_STATUS_MD": 0.016419980823092394,
    "USA_STATUS_SD": 0.012365193053052968,
    "NATURE_NR": 0.011352904674349561,
    "USA_STATUS_ST": 0.010750445929575005,
    "SUBBASIN_CS": 0.01040596822295936,
    "USA_STATUS_SS": 0.008910439720068816,
    "USA_STATUS_TC": 0.008750294984628374,
    "USA_STATUS_DB": 0.00872919878755261,
    "NATURE_SS": 0.008131671638500306,
    "LAT": 0.008041205009135638,
    "SUBBASIN_GM": 0.007852683065208668,
    "SUBBASIN_AS": 0.007253066716461202,
    "USA_AGENCY_jtwc_io": 0.006804777569834523,
    "SUBBASIN_CP": 0.006626448940431414,
    "USA_POCI": 0.006210492171860886,
    "USA_R34_NW": 0.005955088217178747,
    "BASIN_SI": 0.005770253408451677,
    "USA_AGENCY_hurdat_atl": 0.005693158891779511,
    "USA_STATUS_EX": 0.005673042489369286,
    "USA_LON": 0.005277065974435368,
    "NATURE_ET": 0.00482401144630417,
    "NATURE_MX": 0.004679337640719201
  }
}