{
  "top_k": 10,
  "n_features": 10,
  "selected_features": [
    "DIST2LAND",
    "LON",
    "LAT",
    "USA_LON",
    "USA_POCI",
    "SUBBASIN_nan",
    "NUMBER",
    "USA_LAT",
    "USA_SSHS",
    "BASIN_WP"
  ],
  "shap_importance": {
    "DIST2LAND": 0.11763426798365047,
    "LON": 0.013722106511913622,
    "LAT": 0.012011263039569111,
    "USA_LON": 0.008940873023062174,
    "USA_POCI": 0.008015767330629467,
    "SUBBASIN_nan": 0.005973704601180697,
    "NUMBER": 0.00591452349830456,
    "USA_LAT": 0.005841951464879527,
    "USA_SSHS": 0.005433327161909559,
    "BASIN_WP": 0.005194653279213607
  }
}