{
  "top_k": 30,
  "n_features": 30,
  "selected_features": [
    "DIST2LAND",
    "LON",
    "LAT",
    "USA_LON",
    "USA_POCI",
    "SUBBASIN_nan",
    "NUMBER",
    "USA_LAT",
    "USA_SSHS",
    "BASIN_WP",
    "BASIN_NI",
    "USA_WIND",
    "USA_RMW",
    "USA_ROCI",
    "STORM_SPEED",
    "USA_PRES",
    "SUBBASIN_BB",
    "NATURE_NR",
    "USA_R34_SW",
    "STORM_DIR",
    "BASIN_EP",
    "SEASON",
    "USA_R34_NE",
    "SUBBASIN_EA",
    "USA_R34_NW",
    "USA_STATUS_nan",
    "USA_R34_SE",
    "BASIN_SI",
    "TOKYO_GRADE",
    "BASIN_nan"
  ],
  "shap_importance": {
    "DIST2LAND": 0.11763426798365047,
    "LON": 0.013722106511913622,
    "LAT": 0.012011263039569111,
    "USA_LON": 0.008940873023062174,
    "USA_POCI": 0.008015767330629467,
    "SUBBASIN_nan": 0.005973704601180697,
    "NUMBER": 0.00591452349830456,
    "USA_LAT": 0.005841951464879527,
    "USA_SSHS": 0.005433327161909559,
    "BASIN_WP": 0.005194653279213607,
    "BASIN_NI": 0.004331999832488396,
    "USA_WIND": 0.004281484367812378,
    "USA_RMW": 0.004222097658276924,
    "USA_ROCI": 0.0034344149788624384,
    "STORM_SPEED": 0.003325801097346304,
    "USA_PRES": 0.0031594043515474437,
    "SUBBASIN_BB": 0.00312362689928824,
    "NATURE_NR": 0.0029046177798395757,
    "USA_R34_SW": 0.0025208860888888684,
    "STORM_DIR": 0.002476005606140813,
    "BASIN_EP": 0.002466067831074188,
    "SEASON": 0.002402399541366781,
    "USA_R34_NE": 0.002116725264002725,
    "SUBBASIN_EA": 0.0020561615710708828,
    "USA_R34_NW": 0.002026982201668966,
    "USA_STATUS_nan": 0.0018902443894159814,
    "USA_R34_SE": 0.0015416985529639667,
    "BASIN_SI": 0.0013658962582867203,
    "TOKYO_GRADE": 0.0012301053539871896,
    "BASIN_nan": 0.0011574632057760666
  }
}