{
  "top_k": 50,
  "n_features": 50,
  "selected_features": [
    "USA_STATUS_SD",
    "USA_STATUS_WV",
    "USA_STATUS_ST",
    "USA_R34_SE",
    "USA_STATUS_TS",
    "NUMBER",
    "USA_AGENCY_jtwc_io",
    "SUBBASIN_CP",
    "TRACK_TYPE_main",
    "TRACK_TYPE_nan",
    "USA_STATUS_EX",
    "USA_R34_NW",
    "BASIN_NI",
    "SUBBASIN_BB",
    "USA_STATUS_TD",
    "USA_RMW",
    "USA_STATUS_TC",
    "USA_AGENCY_hurdat_epa",
    "TOKYO_GRADE",
    "NATURE_MX",
    "NATURE_TS",
    "USA_ROCI",
    "USA_WIND",
    "USA_STATUS_MD",
    "BASIN_nan",
    "USA_PRES",
    "USA_R34_SW",
    "SUBBASIN_nan",
    "USA_STATUS_HU",
    "USA_STATUS_LO",
    "USA_STATUS_nan",
    "BASIN_SI",
    "USA_STATUS_SS",
    "USA_POCI",
    "SUBBASIN_EA",
    "SUBBASIN_CS",
    "SUBBASIN_GM",
    "NATURE_NR",
    "NATURE_ET",
    "SUBBASIN_WA",
    "LAT",
    "STORM_SPEED",
    "USA_LAT",
    "BASIN_WP",
    "NATURE_SS",
    "USA_SSHS",
    "USA_LON",
    "LON",
    "BASIN_EP",
    "DIST2LAND"
  ],
  "coefficients": {
    "DIST2LAND": -17.7781907591972,
    "BASIN_EP": -0.7375787268931269,
    "LON": -0.6565503251635629,
    "USA_LON": -0.6479892163705887,
    "USA_SSHS": -0.528360620117318,
    "NATURE_SS": -0.45292815453625324,
    "BASIN_WP": 0.4515221540571819,
    "USA_LAT": -0.41311971934169855,
    "STORM_SPEED": 0.3660760525392945,
    "LAT": 0.3622202867602497,
    "SUBBASIN_WA": 0.3476776161536059,
    "NATURE_ET": -0.3342209245762075,
    "NATURE_NR": 0.3305695506232445,
    "SUBBASIN_GM": -0.3010597478374133,
    "SUBBASIN_CS": -0.2923954167460595,
    "SUBBASIN_EA": 0.2789274272575436,
    "USA_POCI": -0.2757201308798732,
    "USA_STATUS_SS": 0.27451192006707714,
    "BASIN_SI": 0.24041347908467012,
    "USA_STATUS_nan": -0.22429219752786844,
    "USA_STATUS_LO": -0.22095970072207052,
    "USA_STATUS_HU": 0.19183614775848976,
    "SUBBASIN_nan": -0.19160320210634416,
    "USA_R34_SW": -0.178856566074972,
    "USA_PRES": -0.1779224305500493,
    "BASIN_nan": -0.15160015302446092,
    "USA_STATUS_MD": 0.14827745490204572,
    "USA_WIND": -0.1406660533700333,
    "USA_ROCI": 0.11060978367257213,
    "NATURE_TS": 0.09404886173715399,
    "NATURE_MX": 0.09102649965069426,
    "TOKYO_GRADE": -0.08967726886492138,
    "USA_AGENCY_hurdat_epa": -0.08938289637650211,
    "USA_STATUS_TC": 0.08175526275647138,
    "USA_RMW": -0.07900421778088275,
    "USA_STATUS_TD": 0.07180160169685716,
    "SUBBASIN_BB": 0.07064145210777054,
    "BASIN_NI": 0.06912450042808897,
    "USA_R34_NW": -0.06763558111417499,
    "USA_STATUS_EX": 0.06684115031054934,
    "TRACK_TYPE_nan": -0.0636090341503619,
    "TRACK_TYPE_main": 0.06360903415034513,
    "SUBBASIN_CP": -0.059996427836646056,
    "USA_AGENCY_jtwc_io": -0.05659573210134499,
    "NUMBER": 0.056543132115398326,
    "USA_STATUS_TS": 0.05607040650209279,
    "USA_R34_SE": 0.05468517488982655,
    "USA_STATUS_ST": 0.04493548054783822,
    "USA_STATUS_WV": 0.03711534412632357,
    "USA_STATUS_SD": -0.03668858813383886
  }
}